{"cameraMode":{"drawMode":0,"name":"Shaded","section":"Shading Mode"},"sceneLighting":true,"audioPlay":false,"sceneViewState":{"showFog":true,"showMaterialUpdate":false,"showSkybox":true,"showFlares":true,"showImageEffects":true,"showParticleSystems":true},"in2DMode":false,"pivot":{"x":-5.679574012756348,"y":4.236111164093018,"z":-5.505870342254639},"rotation":{"x":-0.05563212186098099,"y":-0.8638356924057007,"z":0.09786369651556015,"w":-0.49104177951812746},"size":8.640435218811036,"orthographic":false}