{"cameraMode":{"drawMode":0,"name":"Shaded","section":"Shading Mode"},"sceneLighting":false,"audioPlay":false,"sceneViewState":{"showFog":true,"showMaterialUpdate":false,"showSkybox":false,"showFlares":true,"showImageEffects":true,"showParticleSystems":true},"in2DMode":false,"pivot":{"x":9.119999885559082,"y":7.119999885559082,"z":-6.019999980926514},"rotation":{"x":-0.2856687605381012,"y":0.6057244539260864,"z":-0.24708351492881776,"w":-0.7003175616264343},"size":0.08660287410020828,"orthographic":false}